type	uri	avsender
pdf	https://www.regjeringen.no/no/dokumenter/horing--nou-2019-18-skattlegging-av-havbruk/id2676532/Download/?vedleggId=648cc3c5-2c34-4ccc-8776-037b2bb53bfe	Advokatforeningen
html	https://www.regjeringen.no/no/dokumenter/horing--nou-2019-18-skattlegging-av-havbruk/id2676532/?uid=e284926b-81ab-4034-b3c7-5f2970a924f1	Aksjonærforeningen
html	https://www.regjeringen.no/no/dokumenter/horing--nou-2019-18-skattlegging-av-havbruk/id2676532/?uid=77fa2fa0-ee20-4855-b2bf-2880419f7bb2	Alsaker Fjordbruk AS
html	https://www.regjeringen.no/no/dokumenter/horing--nou-2019-18-skattlegging-av-havbruk/id2676532/?uid=c0d40b04-68e2-45dd-9019-c4923ed037ca	Alta kommune (uten merknader)
html	https://www.regjeringen.no/no/dokumenter/horing--nou-2019-18-skattlegging-av-havbruk/id2676532/?uid=7a48a9a8-7681-4160-8a95-ba327494317e	Aure Høyre
pdf	https://www.regjeringen.no/contentassets/0c756aa6ea344a05bb539016ebd0c0d2/averoy-kommune.pdf?uid=Aver%C3%B8y_kommune	Averøy kommune (PDF, 783KB)
html	https://www.regjeringen.no/no/dokumenter/horing--nou-2019-18-skattlegging-av-havbruk/id2676532/?uid=33b5d405-f979-469d-8053-2e44b31bcdcc	Beiarn kommune
pdf	https://www.regjeringen.no/no/dokumenter/horing--nou-2019-18-skattlegging-av-havbruk/id2676532/Download/?vedleggId=928e90e3-650b-4e85-ac59-504a8a799dd5	Bergen Næringsråd
html	https://www.regjeringen.no/no/dokumenter/horing--nou-2019-18-skattlegging-av-havbruk/id2676532/?uid=fd65f1a5-a33b-4fba-a98f-240e4d7eecc4	Bindal kommune
pdf	https://www.regjeringen.no/contentassets/0c756aa6ea344a05bb539016ebd0c0d2/bjugn-og-orland-naringsforum.pdf?uid=Bjugn_og_%C3%98rland_n%C3%A6ringsforum	Bjugn og Ørland næringsforum (PDF, 496KB)
html	https://www.regjeringen.no/no/dokumenter/horing--nou-2019-18-skattlegging-av-havbruk/id2676532/?uid=f3b44d15-c7ae-4eca-862e-442bce224a73	Blue Planet AS og Stiim Aqua Cluster
pdf	https://www.regjeringen.no/no/dokumenter/horing--nou-2019-18-skattlegging-av-havbruk/id2676532/Download/?vedleggId=ff6125f2-09fe-4cdc-a669-3a1a1794c922	Blå horisont 2030
html	https://www.regjeringen.no/no/dokumenter/horing--nou-2019-18-skattlegging-av-havbruk/id2676532/?uid=88c5702d-7e01-41af-af0c-f467d3ab8357	Bodø kommune
pdf	https://www.regjeringen.no/no/dokumenter/horing--nou-2019-18-skattlegging-av-havbruk/id2676532/Download/?vedleggId=fe7b0263-c7b0-45fd-a191-93d065f5c874	Bodøregionens Utviklingsselskap AS - BRUS
pdf	https://www.regjeringen.no/no/dokumenter/horing--nou-2019-18-skattlegging-av-havbruk/id2676532/Download/?vedleggId=00aaacd4-2aa5-4537-8d9a-ff54eac3e254	Bremanger kommune
pdf	https://www.regjeringen.no/no/dokumenter/horing--nou-2019-18-skattlegging-av-havbruk/id2676532/Download/?vedleggId=86db8f9e-477f-4106-8a73-ab85c5cbcd7a	Brønnbåteiernes Forening
pdf	https://www.regjeringen.no/no/dokumenter/horing--nou-2019-18-skattlegging-av-havbruk/id2676532/Download/?vedleggId=86cd89c2-8765-46f3-a758-800f5319d794	Brønnøy kommune
pdf	https://www.regjeringen.no/no/dokumenter/horing--nou-2019-18-skattlegging-av-havbruk/id2676532/Download/?vedleggId=34394f29-63f4-4289-9df0-970922f6ef30	Det norske maskinistforbund
html	https://www.regjeringen.no/no/dokumenter/horing--nou-2019-18-skattlegging-av-havbruk/id2676532/?uid=fb316638-3635-42cc-b0c3-1d5ef654c558	Dønna kommune
pdf	https://www.regjeringen.no/no/dokumenter/horing--nou-2019-18-skattlegging-av-havbruk/id2676532/Download/?vedleggId=79465b7b-d980-4e18-b498-531690362d53	Emilsen Fisk AS
pdf	https://www.regjeringen.no/no/dokumenter/horing--nou-2019-18-skattlegging-av-havbruk/id2676532/Download/?vedleggId=5f434cbb-e650-433d-b794-dc336668c6b5	Energi Norge
pdf	https://www.regjeringen.no/no/dokumenter/horing--nou-2019-18-skattlegging-av-havbruk/id2676532/Download/?vedleggId=415dcd0d-2fa0-42f4-925b-dd2739ff3a94	Espen Henriksen, Espen Moen og Gisle Natvik ved Instituttene for finans og samfunnsøkonomi ved Handelshøyskolen BI
html	https://www.regjeringen.no/no/dokumenter/horing--nou-2019-18-skattlegging-av-havbruk/id2676532/?uid=8fa001a2-8a23-4bb0-983d-83c792826013	Fauske kommune
pdf	https://www.regjeringen.no/no/dokumenter/horing--nou-2019-18-skattlegging-av-havbruk/id2676532/Download/?vedleggId=ca6bc537-42cd-4047-bbc4-67b521aa27b8	Finans Norge
pdf	https://www.regjeringen.no/no/dokumenter/horing--nou-2019-18-skattlegging-av-havbruk/id2676532/Download/?vedleggId=1e7da193-d901-4a79-8927-aa54446584b5	Firda Seafood Group AS
html	https://www.regjeringen.no/no/dokumenter/horing--nou-2019-18-skattlegging-av-havbruk/id2676532/?uid=4d3adc70-9688-4667-b4e9-512aa0d28918	Fiskebåt
pdf	https://www.regjeringen.no/no/dokumenter/horing--nou-2019-18-skattlegging-av-havbruk/id2676532/Download/?vedleggId=c012024d-4ecf-4381-8569-4520c39c92af	Fiskeri- og havbruksnæringens forskningsfinansiering AS
html	https://www.regjeringen.no/no/dokumenter/horing--nou-2019-18-skattlegging-av-havbruk/id2676532/?uid=85075286-1a8a-43cf-8cf3-47a98257930c	Flatanger kommune
pdf	https://www.regjeringen.no/contentassets/0c756aa6ea344a05bb539016ebd0c0d2/fosenregionen.pdf?uid=Fosenregionen	Fosenregionen (PDF, 1MB)
html	https://www.regjeringen.no/no/dokumenter/horing--nou-2019-18-skattlegging-av-havbruk/id2676532/?uid=b0073bd7-6688-4bc2-9223-5b955b5c0f6d	Frøya kommune
pdf	https://www.regjeringen.no/contentassets/0c756aa6ea344a05bb539016ebd0c0d2/gildeskal-kommmune.pdf?uid=Gildesk%C3%A5l_kommmune	Gildeskål kommmune (PDF, 225KB)
pdf	https://www.regjeringen.no/contentassets/0c756aa6ea344a05bb539016ebd0c0d2/giske-kommune.pdf?uid=Giske_kommune	Giske kommune (PDF, 514KB)
html	https://www.regjeringen.no/no/dokumenter/horing--nou-2019-18-skattlegging-av-havbruk/id2676532/?uid=930b0ebc-f8a4-4ff1-859a-9ed1cebfcb69	Grieg Seafood ASA
html	https://www.regjeringen.no/no/dokumenter/horing--nou-2019-18-skattlegging-av-havbruk/id2676532/?uid=9005e38e-4fd7-4714-a3a3-56e2f136a54e	Gulen kommune
html	https://www.regjeringen.no/no/dokumenter/horing--nou-2019-18-skattlegging-av-havbruk/id2676532/?uid=77cc3b6e-647f-4547-a901-d485b3efe89c	Hadsel kommune
html	https://www.regjeringen.no/no/dokumenter/horing--nou-2019-18-skattlegging-av-havbruk/id2676532/?uid=6e3e1e85-6a5d-4168-92fc-bb0e1f0d33ab	HAFS Regionråd
html	https://www.regjeringen.no/no/dokumenter/horing--nou-2019-18-skattlegging-av-havbruk/id2676532/?uid=5c3f936f-761d-4875-8b49-2af9db50fe8d	Hammerfest kommune
pdf	https://www.regjeringen.no/no/dokumenter/horing--nou-2019-18-skattlegging-av-havbruk/id2676532/Download/?vedleggId=7ab62ba8-456d-45dd-8866-1502da68d2be	Harstad kommune
pdf	https://www.regjeringen.no/contentassets/0c756aa6ea344a05bb539016ebd0c0d2/heim-kommune.pdf?uid=Heim_kommune	Heim kommune (PDF, 1016KB)
html	https://www.regjeringen.no/no/dokumenter/horing--nou-2019-18-skattlegging-av-havbruk/id2676532/?uid=84e85fa4-89bf-4eb3-93e4-16eb7a1d3192	Hitra kommune
html	https://www.regjeringen.no/no/dokumenter/horing--nou-2019-18-skattlegging-av-havbruk/id2676532/?uid=27888aeb-f354-4325-8dfc-fc6a872f0ae2	Hjelmeland kommune
pdf	https://www.regjeringen.no/contentassets/0c756aa6ea344a05bb539016ebd0c0d2/instituttene-for-finans--og-samfunnsokonomi-ved-bi.pdf?uid=Instituttene_for_finans-_og_samfunns%C3%B8konomi_ved_BI	Instituttene for finans- og samfunnsøkonomi ved BI (PDF, 804KB)
html	https://www.regjeringen.no/no/dokumenter/horing--nou-2019-18-skattlegging-av-havbruk/id2676532/?uid=80b83e73-4631-45ae-ac65-e003177b524f	Interkommunalt politisk råd Namdal (Namdal regionråd)
html	https://www.regjeringen.no/no/dokumenter/horing--nou-2019-18-skattlegging-av-havbruk/id2676532/?uid=0ff809b9-bb42-4f79-a6fc-d1e177d46949	Justis- og beredskapsdepartementet (uten merknader)
pdf	https://www.regjeringen.no/contentassets/0c756aa6ea344a05bb539016ebd0c0d2/karlsoy-kommune.pdf?uid=Karls%C3%B8y_kommune	Karlsøy kommune (PDF, 289KB)
pdf	https://www.regjeringen.no/contentassets/0c756aa6ea344a05bb539016ebd0c0d2/klima--og-miljodepartementet.pdf?uid=Klima-_og_milj%C3%B8departementet	Klima- og miljødepartementet (PDF, 291KB)
pdf	https://www.regjeringen.no/no/dokumenter/horing--nou-2019-18-skattlegging-av-havbruk/id2676532/Download/?vedleggId=63d126ec-04e8-4bdf-9c54-0a1cf78987e0	KPMG Law Advokatfirma AS (uten merknader)
html	https://www.regjeringen.no/no/dokumenter/horing--nou-2019-18-skattlegging-av-havbruk/id2676532/?uid=d4beab37-98e9-4db3-a915-82bda0a90a3a	KS
pdf	https://www.regjeringen.no/contentassets/0c756aa6ea344a05bb539016ebd0c0d2/ks-troms-og-finnmark.pdf?uid=KS_Troms_og_Finnmark	KS Troms og Finnmark (PDF, 382KB)
html	https://www.regjeringen.no/no/dokumenter/horing--nou-2019-18-skattlegging-av-havbruk/id2676532/?uid=3628aa96-54c3-4a6e-89fa-be9546b6480f	Kvam herad
pdf	https://www.regjeringen.no/contentassets/0c756aa6ea344a05bb539016ebd0c0d2/kvam-hogre.pdf?uid=Kvam_h%C3%B8gre	Kvam høgre (PDF, 87KB)
html	https://www.regjeringen.no/no/dokumenter/horing--nou-2019-18-skattlegging-av-havbruk/id2676532/?uid=40b10be1-df3a-4813-9e51-ef564318fb15	Kvinnherad kommune (uten merknader)
pdf	https://www.regjeringen.no/no/dokumenter/horing--nou-2019-18-skattlegging-av-havbruk/id2676532/Download/?vedleggId=096c1c93-55da-48c1-b351-a2521d18049d	Kystrederiene
pdf	https://www.regjeringen.no/no/dokumenter/horing--nou-2019-18-skattlegging-av-havbruk/id2676532/Download/?vedleggId=89a13392-31ea-4f5d-ac5f-b5009248f521	Landsorganisasjonen i Norge
html	https://www.regjeringen.no/no/dokumenter/horing--nou-2019-18-skattlegging-av-havbruk/id2676532/?uid=c6a42dcf-79d5-4319-8547-e2a7ff0abe9d	Lebesby kommune (uten merknader)
pdf	https://www.regjeringen.no/no/dokumenter/horing--nou-2019-18-skattlegging-av-havbruk/id2676532/Download/?vedleggId=903605fa-3832-4c04-aee9-b46ca2f44f2f	Leka kommune
html	https://www.regjeringen.no/no/dokumenter/horing--nou-2019-18-skattlegging-av-havbruk/id2676532/?uid=4213ef6d-90fc-495b-9e6c-a06c2d893531	LO i Trondheim
html	https://www.regjeringen.no/no/dokumenter/horing--nou-2019-18-skattlegging-av-havbruk/id2676532/?uid=d53ff2da-2dda-40a9-9311-8a1e6223fb5d	Lofotrådet
html	https://www.regjeringen.no/no/dokumenter/horing--nou-2019-18-skattlegging-av-havbruk/id2676532/?uid=3e4d8b3b-81f1-4a45-9d51-36bc4e3b8ab5	Lurøy kommune, formannskapet
pdf	https://www.regjeringen.no/no/dokumenter/horing--nou-2019-18-skattlegging-av-havbruk/id2676532/Download/?vedleggId=cd814228-46ad-4bb1-9762-7f97e43a3e75	Marine Constructions AS og Risnes Marine Craft AS
html	https://www.regjeringen.no/no/dokumenter/horing--nou-2019-18-skattlegging-av-havbruk/id2676532/?uid=ca87c8fc-d9d6-42bf-8999-74c06f92c433	MDG Kvinnherad
html	https://www.regjeringen.no/no/dokumenter/horing--nou-2019-18-skattlegging-av-havbruk/id2676532/?uid=ee6416d7-4e94-4c89-abef-38bd50ee02d4	Meløy kommune
pdf	https://www.regjeringen.no/no/dokumenter/horing--nou-2019-18-skattlegging-av-havbruk/id2676532/Download/?vedleggId=e84683de-be4b-427d-9abf-6d3e181d7b13	Midt- Tromsrådet
html	https://www.regjeringen.no/no/dokumenter/horing--nou-2019-18-skattlegging-av-havbruk/id2676532/?uid=52f91e7f-64b4-4186-90c8-a30bf3e7cbaf	Møre og Romsdal fylkeskommune
pdf	https://www.regjeringen.no/no/dokumenter/horing--nou-2019-18-skattlegging-av-havbruk/id2676532/Download/?vedleggId=9ef7cc0b-973f-4727-a674-26dd2cfb019e	Måsøval Fiskeoppdrett AS
pdf	https://www.regjeringen.no/no/dokumenter/horing--nou-2019-18-skattlegging-av-havbruk/id2676532/Download/?vedleggId=4926f913-46a6-4559-a245-0b6fac817a93	Namdalskysten Næringsforening
pdf	https://www.regjeringen.no/no/dokumenter/horing--nou-2019-18-skattlegging-av-havbruk/id2676532/Download/?vedleggId=896924ec-df4d-4bc7-9f0d-4caca31be483	Narvik kommune
pdf	https://www.regjeringen.no/no/dokumenter/horing--nou-2019-18-skattlegging-av-havbruk/id2676532/Download/?vedleggId=c3c21046-f14d-46d6-9a73-427e8a0318b3	Nettverk fjord- og kystkommuner
pdf	https://www.regjeringen.no/no/dokumenter/horing--nou-2019-18-skattlegging-av-havbruk/id2676532/Download/?vedleggId=d1d1c755-5cc2-48d2-9469-cb87755450de	NHO
pdf	https://www.regjeringen.no/no/dokumenter/horing--nou-2019-18-skattlegging-av-havbruk/id2676532/Download/?vedleggId=19660c04-644a-4cbc-bb88-0b7f8b18f090	NHO Mat og Drikke
pdf	https://www.regjeringen.no/no/dokumenter/horing--nou-2019-18-skattlegging-av-havbruk/id2676532/Download/?vedleggId=27f15809-bf03-4193-891f-339b7cb660c1	NHO Reiseliv
pdf	https://www.regjeringen.no/contentassets/0c756aa6ea344a05bb539016ebd0c0d2/nits-fagrad-finans.pdf?uid=NiTs_Fagr%C3%A5d_Finans	NiTs Fagråd Finans (PDF, 163KB)
html	https://www.regjeringen.no/no/dokumenter/horing--nou-2019-18-skattlegging-av-havbruk/id2676532/?uid=b36ca29f-911e-41e8-beab-655580c9d515	Nord universitet
pdf	https://www.regjeringen.no/no/dokumenter/horing--nou-2019-18-skattlegging-av-havbruk/id2676532/Download/?vedleggId=9d4568fa-61f9-4fb8-bdfe-88b66d688fa9	Nord-Troms regionråd DA
html	https://www.regjeringen.no/no/dokumenter/horing--nou-2019-18-skattlegging-av-havbruk/id2676532/?uid=488939b6-ac03-4b64-bb7c-10e3ea5248dc	Nordlaks
pdf	https://www.regjeringen.no/contentassets/0c756aa6ea344a05bb539016ebd0c0d2/norland-fylkeskommune.pdf?uid=Nordland_fylkeskommune	Nordland fylkeskommune (PDF, 180KB)
pdf	https://www.regjeringen.no/no/dokumenter/horing--nou-2019-18-skattlegging-av-havbruk/id2676532/Download/?vedleggId=ac1c9b29-8581-47dd-8251-a91a8c1b81f8	Norges Bondelag
html	https://www.regjeringen.no/no/dokumenter/horing--nou-2019-18-skattlegging-av-havbruk/id2676532/?uid=3fbbcae9-29f9-41b9-8d72-8cfdf7c3f9b5	Norges Fiskarlag
html	https://www.regjeringen.no/no/dokumenter/horing--nou-2019-18-skattlegging-av-havbruk/id2676532/?uid=284b7940-5bb1-498a-b3b7-04f7b98de71d	Norges Frukt- og Grønnsakgrossisters Forbund
html	https://www.regjeringen.no/no/dokumenter/horing--nou-2019-18-skattlegging-av-havbruk/id2676532/?uid=574ba32d-2fc0-420f-9619-08e847c6263b	Norges Skogeierforbund
html	https://www.regjeringen.no/no/dokumenter/horing--nou-2019-18-skattlegging-av-havbruk/id2676532/?uid=650b3ab5-0113-43c4-ad63-689b2c13a1bd	Norsk Industri
pdf	https://www.regjeringen.no/contentassets/0c756aa6ea344a05bb539016ebd0c0d2/naringsalliansen-for-trondelag.pdf?uid=N%C3%A6ringsalliansen_for_Tr%C3%B8ndelag	Næringsalliansen for Trøndelag (PDF, 218KB)
html	https://www.regjeringen.no/no/dokumenter/horing--nou-2019-18-skattlegging-av-havbruk/id2676532/?uid=3bbe1c58-8e3e-4b2e-a1b8-fa1e04a1ce2b	Næringsfora og Næringsforening i Møre og Romsdal (uten merknader)
html	https://www.regjeringen.no/no/dokumenter/horing--nou-2019-18-skattlegging-av-havbruk/id2676532/?uid=0824a3c7-1c1b-46b0-996f-5051c4c9b00d	Næringsforeningen i Stavanger-regionen
pdf	https://www.regjeringen.no/no/dokumenter/horing--nou-2019-18-skattlegging-av-havbruk/id2676532/Download/?vedleggId=9ea1dd07-6f46-4a27-82b1-6c810f5a8710	Næringsforeningen i Tromsøregionen/ Næringsarena Nord
html	https://www.regjeringen.no/no/dokumenter/horing--nou-2019-18-skattlegging-av-havbruk/id2676532/?uid=28f45a82-ce58-4bad-8586-4db506a7ded3	Næringsforeningen Ålesundregionen (uten merknader)
pdf	https://www.regjeringen.no/no/dokumenter/horing--nou-2019-18-skattlegging-av-havbruk/id2676532/Download/?vedleggId=ef998288-f91f-4aa8-9372-d3e9ab3ce6ce	Nærøysund kommune
pdf	https://www.regjeringen.no/contentassets/0c756aa6ea344a05bb539016ebd0c0d2/ola-flaten-uit.pdf?uid=Ola_Fl%C3%A5ten_UiT	Ola Flåten UiT (PDF, 318KB)
pdf	https://www.regjeringen.no/no/dokumenter/horing--nou-2019-18-skattlegging-av-havbruk/id2676532/Download/?vedleggId=f859720e-ff70-43d1-ba67-ab9b4067dada	ORKide - Nordmøre Regionråd
pdf	https://www.regjeringen.no/no/dokumenter/horing--nou-2019-18-skattlegging-av-havbruk/id2676532/Download/?vedleggId=1abb9b0d-6d75-4a4c-b42f-85b9a04c2803	Osen kommune
html	https://www.regjeringen.no/no/dokumenter/horing--nou-2019-18-skattlegging-av-havbruk/id2676532/?uid=ec746f71-2fab-4c9d-8b61-841a95732492	Pelagisk Forening
html	https://www.regjeringen.no/no/dokumenter/horing--nou-2019-18-skattlegging-av-havbruk/id2676532/?uid=d76ddf34-7220-4170-9712-af17c8b3b46b	Person som ikke har oppgitt navn (597360)
pdf	https://www.regjeringen.no/no/dokumenter/horing--nou-2019-18-skattlegging-av-havbruk/id2676532/Download/?vedleggId=421c5c25-3b6b-4a50-9c6b-62eea2aa2c5d	Petter Bjerksund, Jarle Møen og Guttorm Schjelderup, professorer ved NHH
html	https://www.regjeringen.no/no/dokumenter/horing--nou-2019-18-skattlegging-av-havbruk/id2676532/?uid=0bc9fc6a-af99-490e-9297-a32e366a44b8	Profilgruppa
pdf	https://www.regjeringen.no/no/dokumenter/horing--nou-2019-18-skattlegging-av-havbruk/id2676532/Download/?vedleggId=87b59077-cdc4-4ee6-ba5b-113d00910b32	Regelrådet
pdf	https://www.regjeringen.no/contentassets/0c756aa6ea344a05bb539016ebd0c0d2/regionradet-i-orkdalregionen.pdf?uid=Regionr%C3%A5det_i_Orkdalregionen	Regionrådet i Orkdalregionen (PDF, 950KB)
pdf	https://www.regjeringen.no/contentassets/0c756aa6ea344a05bb539016ebd0c0d2/regionradet-nordhordland.pdf?uid=Regionr%C3%A5det_Nordhordland	Regionrådet Nordhordland (PDF, 576KB)
html	https://www.regjeringen.no/no/dokumenter/horing--nou-2019-18-skattlegging-av-havbruk/id2676532/?uid=c8bdb613-6f24-45f1-8f4a-e9c113ed5ab4	Rødøy kommune
pdf	https://www.regjeringen.no/no/dokumenter/horing--nou-2019-18-skattlegging-av-havbruk/id2676532/Download/?vedleggId=437f3967-c791-42f3-877a-480b32395e6d	Salangen kommune
html	https://www.regjeringen.no/no/dokumenter/horing--nou-2019-18-skattlegging-av-havbruk/id2676532/?uid=b2d71d99-57f7-4f6f-8625-bcc49eebb06d	Salten Regionråd
pdf	https://www.regjeringen.no/no/dokumenter/horing--nou-2019-18-skattlegging-av-havbruk/id2676532/Download/?vedleggId=db1b3ba5-71b4-4703-9ef5-aba6e08e593c	Sandnes kommune
pdf	https://www.regjeringen.no/contentassets/0c756aa6ea344a05bb539016ebd0c0d2/senja-kommune.pdf?uid=Senja_kommune	Senja kommune (PDF, 160KB)
html	https://www.regjeringen.no/no/dokumenter/horing--nou-2019-18-skattlegging-av-havbruk/id2676532/?uid=75dc3a1d-1e88-49f3-bc06-3b5157ab352a	SinkabergHansen AS
pdf	https://www.regjeringen.no/no/dokumenter/horing--nou-2019-18-skattlegging-av-havbruk/id2676532/Download/?vedleggId=f01aea58-cb44-4061-8a38-5980cf85ecb9	Sjømat Norge
pdf	https://www.regjeringen.no/no/dokumenter/horing--nou-2019-18-skattlegging-av-havbruk/id2676532/Download/?vedleggId=d46ef5d3-8305-45f2-a8ca-3fa5a2a52f35	Sjømat Norge
pdf	https://www.regjeringen.no/no/dokumenter/horing--nou-2019-18-skattlegging-av-havbruk/id2676532/Download/?vedleggId=46757c76-e08a-411f-bb2c-c74a8bd7b6c9	Sjømat Norge
pdf	https://www.regjeringen.no/no/dokumenter/horing--nou-2019-18-skattlegging-av-havbruk/id2676532/Download/?vedleggId=5ff78d51-bdf8-484b-bbfb-70d7ee2f8e3f	Sjømatbedriftene
html	https://www.regjeringen.no/no/dokumenter/horing--nou-2019-18-skattlegging-av-havbruk/id2676532/?uid=cb487a43-de3c-4ba1-ad6b-ff79cb8f8793	Sjømatklyngen Senja
pdf	https://www.regjeringen.no/no/dokumenter/horing--nou-2019-18-skattlegging-av-havbruk/id2676532/Download/?vedleggId=43bde18c-4dc2-4c5f-aa39-63e799e72263	Skattebetalerforeningen
pdf	https://www.regjeringen.no/no/dokumenter/horing--nou-2019-18-skattlegging-av-havbruk/id2676532/Download/?vedleggId=af390ba4-e221-4bb1-8f45-92271cb5a737	Skattedirektoratet
html	https://www.regjeringen.no/no/dokumenter/horing--nou-2019-18-skattlegging-av-havbruk/id2676532/?uid=66310894-489b-4cf8-a0c8-e53d70999d3c	SMB Norge
pdf	https://www.regjeringen.no/contentassets/0c756aa6ea344a05bb539016ebd0c0d2/smola-kommune.pdf?uid=Sm%C3%B8la_kommune	Smøla kommune (PDF, 928KB)
html	https://www.regjeringen.no/no/dokumenter/horing--nou-2019-18-skattlegging-av-havbruk/id2676532/?uid=5562bde2-f76c-46ee-a6bf-096a3a099c60	Sogn og Fjordane Næringsråd
html	https://www.regjeringen.no/no/dokumenter/horing--nou-2019-18-skattlegging-av-havbruk/id2676532/?uid=5562bde2-f76c-46ee-a6bf-096a3a099c60	Sosialistisk Fellesliste av SV og Raudt, Kvinnherad
pdf	https://www.regjeringen.no/no/dokumenter/horing--nou-2019-18-skattlegging-av-havbruk/id2676532/Download/?vedleggId=fd22d07d-e271-42a7-b6d1-c158144c960a	Statistisk sentralbyrå
html	https://www.regjeringen.no/no/dokumenter/horing--nou-2019-18-skattlegging-av-havbruk/id2676532/?uid=9d773f4b-6490-4f42-b930-a2f29e5f4b7d	Stavanger kommune
html	https://www.regjeringen.no/no/dokumenter/horing--nou-2019-18-skattlegging-av-havbruk/id2676532/?uid=fe3cabcd-3863-40bf-a03b-2f2a5602a47e	Steigen Kommune
html	https://www.regjeringen.no/no/dokumenter/horing--nou-2019-18-skattlegging-av-havbruk/id2676532/?uid=0ecd1077-9612-4fe1-b8c3-34b72e4df8f4	Steinar Holden, Økonomisk institutt, UiO
html	https://www.regjeringen.no/no/dokumenter/horing--nou-2019-18-skattlegging-av-havbruk/id2676532/?uid=557ad588-a527-4b3c-ba05-26eac717f3f8	Stiftinga Norsk Villaksforvaltning
html	https://www.regjeringen.no/no/dokumenter/horing--nou-2019-18-skattlegging-av-havbruk/id2676532/?uid=8ec62423-a48a-4cc4-8e12-c6775edd18ba	Strand Kommune
pdf	https://www.regjeringen.no/contentassets/0c756aa6ea344a05bb539016ebd0c0d2/sunnfjord-kommune-.pdf?uid=Sunnfjord_kommune_	Sunnfjord kommune (PDF, 534KB)
pdf	https://www.regjeringen.no/no/dokumenter/horing--nou-2019-18-skattlegging-av-havbruk/id2676532/Download/?vedleggId=6913fede-fbbc-46eb-b703-70caaf6719aa	Sveio kommune
pdf	https://www.regjeringen.no/no/dokumenter/horing--nou-2019-18-skattlegging-av-havbruk/id2676532/Download/?vedleggId=67a59f7c-c20b-4193-be7d-ed056be665e1	Sørfold Kommune
html	https://www.regjeringen.no/no/dokumenter/horing--nou-2019-18-skattlegging-av-havbruk/id2676532/?uid=01fd502d-6919-431e-aec2-3df392242f53	Troms og Finnmark fylkeskommune
html	https://www.regjeringen.no/no/dokumenter/horing--nou-2019-18-skattlegging-av-havbruk/id2676532/?uid=392b0f1a-8922-4c98-8be0-0b642a89cae8	Tromsø kommune
html	https://www.regjeringen.no/no/dokumenter/horing--nou-2019-18-skattlegging-av-havbruk/id2676532/?uid=d6be56b2-a996-4bed-8917-8e4c90638208	Tysnes kommune
html	https://www.regjeringen.no/no/dokumenter/horing--nou-2019-18-skattlegging-av-havbruk/id2676532/?uid=c056c511-c0a6-4f8f-8478-573fafeaac38	Vest Næringsråd
html	https://www.regjeringen.no/no/dokumenter/horing--nou-2019-18-skattlegging-av-havbruk/id2676532/?uid=7c1e415a-1503-4dcf-a1e7-a4b57fdc8c42	Vest-Finnmark Rådet
pdf	https://www.regjeringen.no/no/dokumenter/horing--nou-2019-18-skattlegging-av-havbruk/id2676532/Download/?vedleggId=10b25e14-03d4-4e8e-864a-32d49c350293	Vesterålen regionråd
pdf	https://www.regjeringen.no/contentassets/0c756aa6ea344a05bb539016ebd0c0d2/vestland-fylkeskommune.pdf?uid=Vestland_fylkeskommune	Vestland fylkeskommune (PDF, 145KB)
pdf	https://www.regjeringen.no/contentassets/0c756aa6ea344a05bb539016ebd0c0d2/volda-kommune.pdf?uid=Volda_kommune	Volda kommune (PDF, 329KB)
pdf	https://www.regjeringen.no/no/dokumenter/horing--nou-2019-18-skattlegging-av-havbruk/id2676532/Download/?vedleggId=a0b2b44f-f908-48d0-98f9-58f1ace0bbf0	Yrkesorganisasjonenes Sentralforbund (YS) 
html	https://www.regjeringen.no/no/dokumenter/horing--nou-2019-18-skattlegging-av-havbruk/id2676532/?showSvar=true&consterm=&isFilterOpen=true&page=2	kontekst
html	https://www.regjeringen.no/no/dokumenter/horing--nou-2019-18-skattlegging-av-havbruk/id2676532/?expand=horingsresultat&lastvisited=undefined	kontekst